faixa_de_atraso,percentual_de_clientes,quantidade_de_clientes
menor_ou_igual_0,0.2818324724904559,1255
entre 0 e 10,0.4848416797664496,2159
entre 10 e 20,0.10509768695261622,468
entre 20 e 30,0.057264765326746014,255
entre 30 e 40,0.021558499887716145,96
entre 40 e 50,0.011452953065349204,51
entre 50 e 60,0.007859869750729845,35
maior do que 60,0.03009207275993712,134
