faixa_de_atraso,percentual_de_clientes,quantidade_de_clientes
menor_ou_igual_0,0.3191270860077022,1243
entre 0 e 10,0.5360718870346598,2088
entre 10 e 20,0.09114249037227215,355
entre 20 e 30,0.040051347881899874,156
entre 30 e 40,0.009499358151476251,37
entre 40 e 50,0.0025673940949935813,10
entre 50 e 60,0.0005134788189987163,2
maior do que 60,0.0010269576379974327,4
