faixa_de_atraso,percentual_de_clientes,quantidade_de_clientes
menor_ou_igual_0,0.30390243902439024,1246
entre 0 e 10,0.514390243902439,2109
entre 10 e 20,0.09707317073170732,398
entre 20 e 30,0.04878048780487805,200
entre 30 e 40,0.01731707317073171,71
entre 40 e 50,0.007073170731707317,29
entre 50 e 60,0.004146341463414634,17
maior do que 60,0.007317073170731708,30
