faixa_de_atraso,percentual_de_clientes,quantidade_de_clientes
menor_ou_igual_0,0.2954976303317536,1247
entre 0 e 10,0.5,2110
entre 10 e 20,0.09691943127962085,409
entre 20 e 30,0.05118483412322275,216
entre 30 e 40,0.02037914691943128,86
entre 40 e 50,0.01066350710900474,45
entre 50 e 60,0.006161137440758294,26
maior do que 60,0.01919431279620853,81
