faixa_de_atraso,percentual_de_clientes,quantidade_de_clientes
menor_ou_igual_0,0.31882202304737517,1245
entre 0 e 10,0.5354673495518566,2091
entre 10 e 20,0.09193341869398207,359
entre 20 e 30,0.040204865556978234,157
entre 30 e 40,0.009475032010243278,37
entre 40 e 50,0.002560819462227913,10
entre 50 e 60,0.0005121638924455825,2
maior do que 60,0.001024327784891165,4
